Date,Event,Country,Unique Users
2016-07,All Events - Unique,Afghanistan,49
2016-07,All Events - Unique,Congo,35
2016-07,All Events - Unique,Ethiopia,62
2016-07,All Events - Unique,Myanmar,37
2016-07,All Events - Unique,South Sudan,20
2016-07,All Events - Unique,Sudan,0
2016-07,All Events - Unique,Syria,0
2016-07,All Events - Unique,Ukraine,42
2016-07,All Events - Unique,Venezuela,11
2016-07,All Events - Unique,Yemen,28
2016-08,All Events - Unique,Afghanistan,72
2016-08,All Events - Unique,Congo,26
2016-08,All Events - Unique,Ethiopia,112
2016-08,All Events - Unique,Myanmar,67
2016-08,All Events - Unique,South Sudan,18
2016-08,All Events - Unique,Sudan,0
2016-08,All Events - Unique,Syria,0
2016-08,All Events - Unique,Ukraine,51
2016-08,All Events - Unique,Venezuela,20
2016-08,All Events - Unique,Yemen,29
2016-09,All Events - Unique,Afghanistan,45
2016-09,All Events - Unique,Congo,21
2016-09,All Events - Unique,Ethiopia,68
2016-09,All Events - Unique,Myanmar,35
2016-09,All Events - Unique,South Sudan,23
2016-09,All Events - Unique,Sudan,0
2016-09,All Events - Unique,Syria,0
2016-09,All Events - Unique,Ukraine,49
2016-09,All Events - Unique,Venezuela,20
2016-09,All Events - Unique,Yemen,27
2016-10,All Events - Unique,Afghanistan,82
2016-10,All Events - Unique,Congo,24
2016-10,All Events - Unique,Ethiopia,73
2016-10,All Events - Unique,Myanmar,86
2016-10,All Events - Unique,South Sudan,43
2016-10,All Events - Unique,Sudan,0
2016-10,All Events - Unique,Syria,0
2016-10,All Events - Unique,Ukraine,57
2016-10,All Events - Unique,Venezuela,19
2016-10,All Events - Unique,Yemen,46
2016-11,All Events - Unique,Afghanistan,78
2016-11,All Events - Unique,Congo,23
2016-11,All Events - Unique,Ethiopia,84
2016-11,All Events - Unique,Myanmar,83
2016-11,All Events - Unique,South Sudan,38
2016-11,All Events - Unique,Sudan,0
2016-11,All Events - Unique,Syria,0
2016-11,All Events - Unique,Ukraine,70
2016-11,All Events - Unique,Venezuela,21
2016-11,All Events - Unique,Yemen,32
2016-12,All Events - Unique,Afghanistan,68
2016-12,All Events - Unique,Congo,33
2016-12,All Events - Unique,Ethiopia,70
2016-12,All Events - Unique,Myanmar,84
2016-12,All Events - Unique,South Sudan,34
2016-12,All Events - Unique,Sudan,1
2016-12,All Events - Unique,Syria,2
2016-12,All Events - Unique,Ukraine,51
2016-12,All Events - Unique,Venezuela,8
2016-12,All Events - Unique,Yemen,54
2017-01,All Events - Unique,Afghanistan,118
2017-01,All Events - Unique,Congo,21
2017-01,All Events - Unique,Ethiopia,86
2017-01,All Events - Unique,Myanmar,109
2017-01,All Events - Unique,South Sudan,49
2017-01,All Events - Unique,Sudan,1
2017-01,All Events - Unique,Syria,1
2017-01,All Events - Unique,Ukraine,46
2017-01,All Events - Unique,Venezuela,18
2017-01,All Events - Unique,Yemen,51
2017-02,All Events - Unique,Afghanistan,98
2017-02,All Events - Unique,Congo,43
2017-02,All Events - Unique,Ethiopia,77
2017-02,All Events - Unique,Myanmar,63
2017-02,All Events - Unique,South Sudan,40
2017-02,All Events - Unique,Sudan,1
2017-02,All Events - Unique,Syria,3
2017-02,All Events - Unique,Ukraine,46
2017-02,All Events - Unique,Venezuela,18
2017-02,All Events - Unique,Yemen,56
2017-03,All Events - Unique,Afghanistan,129
2017-03,All Events - Unique,Congo,52
2017-03,All Events - Unique,Ethiopia,105
2017-03,All Events - Unique,Myanmar,69
2017-03,All Events - Unique,South Sudan,58
2017-03,All Events - Unique,Sudan,62
2017-03,All Events - Unique,Syria,2
2017-03,All Events - Unique,Ukraine,73
2017-03,All Events - Unique,Venezuela,23
2017-03,All Events - Unique,Yemen,80
2017-04,All Events - Unique,Afghanistan,140
2017-04,All Events - Unique,Congo,48
2017-04,All Events - Unique,Ethiopia,109
2017-04,All Events - Unique,Myanmar,67
2017-04,All Events - Unique,South Sudan,56
2017-04,All Events - Unique,Sudan,70
2017-04,All Events - Unique,Syria,2
2017-04,All Events - Unique,Ukraine,75
2017-04,All Events - Unique,Venezuela,11
2017-04,All Events - Unique,Yemen,96
2017-05,All Events - Unique,Afghanistan,102
2017-05,All Events - Unique,Congo,51
2017-05,All Events - Unique,Ethiopia,124
2017-05,All Events - Unique,Myanmar,86
2017-05,All Events - Unique,South Sudan,70
2017-05,All Events - Unique,Sudan,51
2017-05,All Events - Unique,Syria,2
2017-05,All Events - Unique,Ukraine,65
2017-05,All Events - Unique,Venezuela,14
2017-05,All Events - Unique,Yemen,98
2017-06,All Events - Unique,Afghanistan,75
2017-06,All Events - Unique,Congo,52
2017-06,All Events - Unique,Ethiopia,88
2017-06,All Events - Unique,Myanmar,73
2017-06,All Events - Unique,South Sudan,68
2017-06,All Events - Unique,Sudan,40
2017-06,All Events - Unique,Syria,1
2017-06,All Events - Unique,Ukraine,84
2017-06,All Events - Unique,Venezuela,14
2017-06,All Events - Unique,Yemen,94
2017-07,All Events - Unique,Afghanistan,127
2017-07,All Events - Unique,Congo,60
2017-07,All Events - Unique,Ethiopia,103
2017-07,All Events - Unique,Myanmar,87
2017-07,All Events - Unique,South Sudan,51
2017-07,All Events - Unique,Sudan,41
2017-07,All Events - Unique,Syria,4
2017-07,All Events - Unique,Ukraine,71
2017-07,All Events - Unique,Venezuela,8
2017-07,All Events - Unique,Yemen,108
2017-08,All Events - Unique,Afghanistan,124
2017-08,All Events - Unique,Congo,79
2017-08,All Events - Unique,Ethiopia,117
2017-08,All Events - Unique,Myanmar,96
2017-08,All Events - Unique,South Sudan,69
2017-08,All Events - Unique,Sudan,37
2017-08,All Events - Unique,Syria,2
2017-08,All Events - Unique,Ukraine,72
2017-08,All Events - Unique,Venezuela,12
2017-08,All Events - Unique,Yemen,170
2017-09,All Events - Unique,Afghanistan,92
2017-09,All Events - Unique,Congo,83
2017-09,All Events - Unique,Ethiopia,120
2017-09,All Events - Unique,Myanmar,115
2017-09,All Events - Unique,South Sudan,73
2017-09,All Events - Unique,Sudan,61
2017-09,All Events - Unique,Syria,12
2017-09,All Events - Unique,Ukraine,80
2017-09,All Events - Unique,Venezuela,13
2017-09,All Events - Unique,Yemen,162
2017-10,All Events - Unique,Afghanistan,111
2017-10,All Events - Unique,Congo,65
2017-10,All Events - Unique,Ethiopia,170
2017-10,All Events - Unique,Myanmar,137
2017-10,All Events - Unique,South Sudan,97
2017-10,All Events - Unique,Sudan,73
2017-10,All Events - Unique,Syria,7
2017-10,All Events - Unique,Ukraine,119
2017-10,All Events - Unique,Venezuela,16
2017-10,All Events - Unique,Yemen,150
2017-11,All Events - Unique,Afghanistan,114
2017-11,All Events - Unique,Congo,86
2017-11,All Events - Unique,Ethiopia,149
2017-11,All Events - Unique,Myanmar,147
2017-11,All Events - Unique,South Sudan,86
2017-11,All Events - Unique,Sudan,76
2017-11,All Events - Unique,Syria,7
2017-11,All Events - Unique,Ukraine,124
2017-11,All Events - Unique,Venezuela,18
2017-11,All Events - Unique,Yemen,153
2017-12,All Events - Unique,Afghanistan,125
2017-12,All Events - Unique,Congo,91
2017-12,All Events - Unique,Ethiopia,155
2017-12,All Events - Unique,Myanmar,106
2017-12,All Events - Unique,South Sudan,56
2017-12,All Events - Unique,Sudan,93
2017-12,All Events - Unique,Syria,6
2017-12,All Events - Unique,Ukraine,84
2017-12,All Events - Unique,Venezuela,5
2017-12,All Events - Unique,Yemen,129
2018-01,All Events - Unique,Afghanistan,161
2018-01,All Events - Unique,Congo,62
2018-01,All Events - Unique,Ethiopia,122
2018-01,All Events - Unique,Myanmar,139
2018-01,All Events - Unique,South Sudan,59
2018-01,All Events - Unique,Sudan,68
2018-01,All Events - Unique,Syria,9
2018-01,All Events - Unique,Ukraine,114
2018-01,All Events - Unique,Venezuela,9
2018-01,All Events - Unique,Yemen,161
2018-02,All Events - Unique,Afghanistan,149
2018-02,All Events - Unique,Congo,121
2018-02,All Events - Unique,Ethiopia,130
2018-02,All Events - Unique,Myanmar,97
2018-02,All Events - Unique,South Sudan,52
2018-02,All Events - Unique,Sudan,46
2018-02,All Events - Unique,Syria,2
2018-02,All Events - Unique,Ukraine,118
2018-02,All Events - Unique,Venezuela,21
2018-02,All Events - Unique,Yemen,161
2018-03,All Events - Unique,Afghanistan,143
2018-03,All Events - Unique,Congo,136
2018-03,All Events - Unique,Ethiopia,179
2018-03,All Events - Unique,Myanmar,178
2018-03,All Events - Unique,South Sudan,80
2018-03,All Events - Unique,Sudan,9
2018-03,All Events - Unique,Syria,3
2018-03,All Events - Unique,Ukraine,119
2018-03,All Events - Unique,Venezuela,28
2018-03,All Events - Unique,Yemen,323
2018-04,All Events - Unique,Afghanistan,263
2018-04,All Events - Unique,Congo,254
2018-04,All Events - Unique,Ethiopia,281
2018-04,All Events - Unique,Myanmar,249
2018-04,All Events - Unique,South Sudan,126
2018-04,All Events - Unique,Sudan,6
2018-04,All Events - Unique,Syria,6
2018-04,All Events - Unique,Ukraine,176
2018-04,All Events - Unique,Venezuela,47
2018-04,All Events - Unique,Yemen,695
2018-05,All Events - Unique,Afghanistan,314
2018-05,All Events - Unique,Congo,283
2018-05,All Events - Unique,Ethiopia,345
2018-05,All Events - Unique,Myanmar,356
2018-05,All Events - Unique,South Sudan,172
2018-05,All Events - Unique,Sudan,4
2018-05,All Events - Unique,Syria,10
2018-05,All Events - Unique,Ukraine,178
2018-05,All Events - Unique,Venezuela,38
2018-05,All Events - Unique,Yemen,542
2018-06,All Events - Unique,Afghanistan,292
2018-06,All Events - Unique,Congo,235
2018-06,All Events - Unique,Ethiopia,261
2018-06,All Events - Unique,Myanmar,378
2018-06,All Events - Unique,South Sudan,144
2018-06,All Events - Unique,Sudan,1
2018-06,All Events - Unique,Syria,11
2018-06,All Events - Unique,Ukraine,202
2018-06,All Events - Unique,Venezuela,38
2018-06,All Events - Unique,Yemen,440
2018-07,All Events - Unique,Afghanistan,330
2018-07,All Events - Unique,Congo,204
2018-07,All Events - Unique,Ethiopia,316
2018-07,All Events - Unique,Myanmar,379
2018-07,All Events - Unique,South Sudan,136
2018-07,All Events - Unique,Sudan,6
2018-07,All Events - Unique,Syria,6
2018-07,All Events - Unique,Ukraine,240
2018-07,All Events - Unique,Venezuela,44
2018-07,All Events - Unique,Yemen,627
2018-08,All Events - Unique,Afghanistan,249
2018-08,All Events - Unique,Congo,272
2018-08,All Events - Unique,Ethiopia,427
2018-08,All Events - Unique,Myanmar,387
2018-08,All Events - Unique,South Sudan,214
2018-08,All Events - Unique,Sudan,8
2018-08,All Events - Unique,Syria,9
2018-08,All Events - Unique,Ukraine,363
2018-08,All Events - Unique,Venezuela,38
2018-08,All Events - Unique,Yemen,620
2018-09,All Events - Unique,Afghanistan,316
2018-09,All Events - Unique,Congo,232
2018-09,All Events - Unique,Ethiopia,361
2018-09,All Events - Unique,Myanmar,356
2018-09,All Events - Unique,South Sudan,188
2018-09,All Events - Unique,Sudan,6
2018-09,All Events - Unique,Syria,16
2018-09,All Events - Unique,Ukraine,239
2018-09,All Events - Unique,Venezuela,53
2018-09,All Events - Unique,Yemen,599
2018-10,All Events - Unique,Afghanistan,261
2018-10,All Events - Unique,Congo,277
2018-10,All Events - Unique,Ethiopia,466
2018-10,All Events - Unique,Myanmar,328
2018-10,All Events - Unique,South Sudan,212
2018-10,All Events - Unique,Sudan,32
2018-10,All Events - Unique,Syria,9
2018-10,All Events - Unique,Ukraine,342
2018-10,All Events - Unique,Venezuela,56
2018-10,All Events - Unique,Yemen,715
2018-11,All Events - Unique,Afghanistan,391
2018-11,All Events - Unique,Congo,275
2018-11,All Events - Unique,Ethiopia,610
2018-11,All Events - Unique,Myanmar,390
2018-11,All Events - Unique,South Sudan,179
2018-11,All Events - Unique,Sudan,26
2018-11,All Events - Unique,Syria,10
2018-11,All Events - Unique,Ukraine,310
2018-11,All Events - Unique,Venezuela,36
2018-11,All Events - Unique,Yemen,654
2018-12,All Events - Unique,Afghanistan,303
2018-12,All Events - Unique,Congo,288
2018-12,All Events - Unique,Ethiopia,544
2018-12,All Events - Unique,Myanmar,288
2018-12,All Events - Unique,South Sudan,177
2018-12,All Events - Unique,Sudan,27
2018-12,All Events - Unique,Syria,10
2018-12,All Events - Unique,Ukraine,347
2018-12,All Events - Unique,Venezuela,32
2018-12,All Events - Unique,Yemen,757
2019-01,All Events - Unique,Afghanistan,271
2019-01,All Events - Unique,Congo,125
2019-01,All Events - Unique,Ethiopia,550
2019-01,All Events - Unique,Myanmar,433
2019-01,All Events - Unique,South Sudan,240
2019-01,All Events - Unique,Sudan,18
2019-01,All Events - Unique,Syria,9
2019-01,All Events - Unique,Ukraine,335
2019-01,All Events - Unique,Venezuela,35
2019-01,All Events - Unique,Yemen,854
2019-02,All Events - Unique,Afghanistan,243
2019-02,All Events - Unique,Congo,306
2019-02,All Events - Unique,Ethiopia,526
2019-02,All Events - Unique,Myanmar,310
2019-02,All Events - Unique,South Sudan,198
2019-02,All Events - Unique,Sudan,17
2019-02,All Events - Unique,Syria,10
2019-02,All Events - Unique,Ukraine,340
2019-02,All Events - Unique,Venezuela,71
2019-02,All Events - Unique,Yemen,744
2019-03,All Events - Unique,Afghanistan,311
2019-03,All Events - Unique,Congo,281
2019-03,All Events - Unique,Ethiopia,623
2019-03,All Events - Unique,Myanmar,397
2019-03,All Events - Unique,South Sudan,204
2019-03,All Events - Unique,Sudan,20
2019-03,All Events - Unique,Syria,19
2019-03,All Events - Unique,Ukraine,312
2019-03,All Events - Unique,Venezuela,39
2019-03,All Events - Unique,Yemen,694
2019-04,All Events - Unique,Afghanistan,302
2019-04,All Events - Unique,Congo,281
2019-04,All Events - Unique,Ethiopia,706
2019-04,All Events - Unique,Myanmar,303
2019-04,All Events - Unique,South Sudan,204
2019-04,All Events - Unique,Sudan,22
2019-04,All Events - Unique,Syria,10
2019-04,All Events - Unique,Ukraine,332
2019-04,All Events - Unique,Venezuela,53
2019-04,All Events - Unique,Yemen,749
2019-05,All Events - Unique,Afghanistan,314
2019-05,All Events - Unique,Congo,360
2019-05,All Events - Unique,Ethiopia,674
2019-05,All Events - Unique,Myanmar,439
2019-05,All Events - Unique,South Sudan,159
2019-05,All Events - Unique,Sudan,18
2019-05,All Events - Unique,Syria,14
2019-05,All Events - Unique,Ukraine,331
2019-05,All Events - Unique,Venezuela,39
2019-05,All Events - Unique,Yemen,611
2019-06,All Events - Unique,Afghanistan,359
2019-06,All Events - Unique,Congo,389
2019-06,All Events - Unique,Ethiopia,440
2019-06,All Events - Unique,Myanmar,434
2019-06,All Events - Unique,South Sudan,238
2019-06,All Events - Unique,Sudan,15
2019-06,All Events - Unique,Syria,9
2019-06,All Events - Unique,Ukraine,279
2019-06,All Events - Unique,Venezuela,81
2019-06,All Events - Unique,Yemen,762
2019-07,All Events - Unique,Afghanistan,369
2019-07,All Events - Unique,Congo,491
2019-07,All Events - Unique,Ethiopia,742
2019-07,All Events - Unique,Myanmar,514
2019-07,All Events - Unique,South Sudan,218
2019-07,All Events - Unique,Sudan,19
2019-07,All Events - Unique,Syria,15
2019-07,All Events - Unique,Ukraine,312
2019-07,All Events - Unique,Venezuela,50
2019-07,All Events - Unique,Yemen,754
2019-08,All Events - Unique,Afghanistan,305
2019-08,All Events - Unique,Congo,435
2019-08,All Events - Unique,Ethiopia,599
2019-08,All Events - Unique,Myanmar,607
2019-08,All Events - Unique,South Sudan,202
2019-08,All Events - Unique,Sudan,17
2019-08,All Events - Unique,Syria,16
2019-08,All Events - Unique,Ukraine,314
2019-08,All Events - Unique,Venezuela,68
2019-08,All Events - Unique,Yemen,735
2019-09,All Events - Unique,Afghanistan,317
2019-09,All Events - Unique,Congo,431
2019-09,All Events - Unique,Ethiopia,506
2019-09,All Events - Unique,Myanmar,445
2019-09,All Events - Unique,South Sudan,240
2019-09,All Events - Unique,Sudan,19
2019-09,All Events - Unique,Syria,20
2019-09,All Events - Unique,Ukraine,360
2019-09,All Events - Unique,Venezuela,97
2019-09,All Events - Unique,Yemen,691
2019-10,All Events - Unique,Afghanistan,378
2019-10,All Events - Unique,Congo,378
2019-10,All Events - Unique,Ethiopia,570
2019-10,All Events - Unique,Myanmar,399
2019-10,All Events - Unique,South Sudan,321
2019-10,All Events - Unique,Sudan,28
2019-10,All Events - Unique,Syria,15
2019-10,All Events - Unique,Ukraine,375
2019-10,All Events - Unique,Venezuela,192
2019-10,All Events - Unique,Yemen,802
2019-11,All Events - Unique,Afghanistan,371
2019-11,All Events - Unique,Congo,482
2019-11,All Events - Unique,Ethiopia,705
2019-11,All Events - Unique,Myanmar,432
2019-11,All Events - Unique,South Sudan,274
2019-11,All Events - Unique,Sudan,28
2019-11,All Events - Unique,Syria,20
2019-11,All Events - Unique,Ukraine,419
2019-11,All Events - Unique,Venezuela,231
2019-11,All Events - Unique,Yemen,924
2019-12,All Events - Unique,Afghanistan,407
2019-12,All Events - Unique,Congo,533
2019-12,All Events - Unique,Ethiopia,668
2019-12,All Events - Unique,Myanmar,543
2019-12,All Events - Unique,South Sudan,185
2019-12,All Events - Unique,Sudan,32
2019-12,All Events - Unique,Syria,17
2019-12,All Events - Unique,Ukraine,378
2019-12,All Events - Unique,Venezuela,131
2019-12,All Events - Unique,Yemen,869
2020-01,All Events - Unique,Afghanistan,414
2020-01,All Events - Unique,Congo,463
2020-01,All Events - Unique,Ethiopia,616
2020-01,All Events - Unique,Myanmar,691
2020-01,All Events - Unique,South Sudan,183
2020-01,All Events - Unique,Sudan,28
2020-01,All Events - Unique,Syria,24
2020-01,All Events - Unique,Ukraine,380
2020-01,All Events - Unique,Venezuela,261
2020-01,All Events - Unique,Yemen,639
2020-02,All Events - Unique,Afghanistan,396
2020-02,All Events - Unique,Congo,542
2020-02,All Events - Unique,Ethiopia,605
2020-02,All Events - Unique,Myanmar,652
2020-02,All Events - Unique,South Sudan,229
2020-02,All Events - Unique,Sudan,32
2020-02,All Events - Unique,Syria,13
2020-02,All Events - Unique,Ukraine,425
2020-02,All Events - Unique,Venezuela,351
2020-02,All Events - Unique,Yemen,615
2020-03,All Events - Unique,Afghanistan,669
2020-03,All Events - Unique,Congo,807
2020-03,All Events - Unique,Ethiopia,798
2020-03,All Events - Unique,Myanmar,917
2020-03,All Events - Unique,South Sudan,237
2020-03,All Events - Unique,Sudan,62
2020-03,All Events - Unique,Syria,0
2020-03,All Events - Unique,Ukraine,898
2020-03,All Events - Unique,Venezuela,589
2020-03,All Events - Unique,Yemen,885
2020-04,All Events - Unique,Afghanistan,578
2020-04,All Events - Unique,Congo,606
2020-04,All Events - Unique,Ethiopia,1353
2020-04,All Events - Unique,Myanmar,687
2020-04,All Events - Unique,South Sudan,226
2020-04,All Events - Unique,Sudan,73
2020-04,All Events - Unique,Syria,2
2020-04,All Events - Unique,Ukraine,939
2020-04,All Events - Unique,Venezuela,807
2020-04,All Events - Unique,Yemen,784
2020-05,All Events - Unique,Afghanistan,431
2020-05,All Events - Unique,Congo,546
2020-05,All Events - Unique,Ethiopia,1139
2020-05,All Events - Unique,Myanmar,1025
2020-05,All Events - Unique,South Sudan,202
2020-05,All Events - Unique,Sudan,47
2020-05,All Events - Unique,Syria,2
2020-05,All Events - Unique,Ukraine,623
2020-05,All Events - Unique,Venezuela,519
2020-05,All Events - Unique,Yemen,526
2020-06,All Events - Unique,Afghanistan,350
2020-06,All Events - Unique,Congo,490
2020-06,All Events - Unique,Ethiopia,999
2020-06,All Events - Unique,Myanmar,844
2020-06,All Events - Unique,South Sudan,178
2020-06,All Events - Unique,Sudan,39
2020-06,All Events - Unique,Syria,4
2020-06,All Events - Unique,Ukraine,399
2020-06,All Events - Unique,Venezuela,443
2020-06,All Events - Unique,Yemen,570
2020-07,All Events - Unique,Afghanistan,353
2020-07,All Events - Unique,Congo,665
2020-07,All Events - Unique,Ethiopia,402
2020-07,All Events - Unique,Myanmar,705
2020-07,All Events - Unique,South Sudan,183
2020-07,All Events - Unique,Sudan,27
2020-07,All Events - Unique,Syria,2
2020-07,All Events - Unique,Ukraine,362
2020-07,All Events - Unique,Venezuela,464
2020-07,All Events - Unique,Yemen,629
2020-08,All Events - Unique,Afghanistan,451
2020-08,All Events - Unique,Congo,549
2020-08,All Events - Unique,Ethiopia,967
2020-08,All Events - Unique,Myanmar,832
2020-08,All Events - Unique,South Sudan,189
2020-08,All Events - Unique,Sudan,31
2020-08,All Events - Unique,Syria,2
2020-08,All Events - Unique,Ukraine,390
2020-08,All Events - Unique,Venezuela,481
2020-08,All Events - Unique,Yemen,820
2020-09,All Events - Unique,Afghanistan,439
2020-09,All Events - Unique,Congo,826
2020-09,All Events - Unique,Ethiopia,988
2020-09,All Events - Unique,Myanmar,976
2020-09,All Events - Unique,South Sudan,242
2020-09,All Events - Unique,Sudan,56
2020-09,All Events - Unique,Syria,1
2020-09,All Events - Unique,Ukraine,440
2020-09,All Events - Unique,Venezuela,417
2020-09,All Events - Unique,Yemen,927
2020-10,All Events - Unique,Afghanistan,431
2020-10,All Events - Unique,Congo,654
2020-10,All Events - Unique,Ethiopia,1266
2020-10,All Events - Unique,Myanmar,888
2020-10,All Events - Unique,South Sudan,264
2020-10,All Events - Unique,Sudan,88
2020-10,All Events - Unique,Syria,4
2020-10,All Events - Unique,Ukraine,582
2020-10,All Events - Unique,Venezuela,325
2020-10,All Events - Unique,Yemen,1141
2020-11,All Events - Unique,Afghanistan,405
2020-11,All Events - Unique,Congo,595
2020-11,All Events - Unique,Ethiopia,1539
2020-11,All Events - Unique,Myanmar,688
2020-11,All Events - Unique,South Sudan,323
2020-11,All Events - Unique,Sudan,107
2020-11,All Events - Unique,Syria,13
2020-11,All Events - Unique,Ukraine,653
2020-11,All Events - Unique,Venezuela,503
2020-11,All Events - Unique,Yemen,995
2020-12,All Events - Unique,Afghanistan,519
2020-12,All Events - Unique,Congo,614
2020-12,All Events - Unique,Ethiopia,1599
2020-12,All Events - Unique,Myanmar,691
2020-12,All Events - Unique,South Sudan,221
2020-12,All Events - Unique,Sudan,57
2020-12,All Events - Unique,Syria,3
2020-12,All Events - Unique,Ukraine,549
2020-12,All Events - Unique,Venezuela,413
2020-12,All Events - Unique,Yemen,989
2021-01,All Events - Unique,Afghanistan,574
2021-01,All Events - Unique,Congo,594
2021-01,All Events - Unique,Ethiopia,1468
2021-01,All Events - Unique,Myanmar,904
2021-01,All Events - Unique,South Sudan,345
2021-01,All Events - Unique,Sudan,123
2021-01,All Events - Unique,Syria,8
2021-01,All Events - Unique,Ukraine,492
2021-01,All Events - Unique,Venezuela,479
2021-01,All Events - Unique,Yemen,929
2021-02,All Events - Unique,Afghanistan,439
2021-02,All Events - Unique,Congo,748
2021-02,All Events - Unique,Ethiopia,1232
2021-02,All Events - Unique,Myanmar,243
2021-02,All Events - Unique,South Sudan,393
2021-02,All Events - Unique,Sudan,705
2021-02,All Events - Unique,Syria,4
2021-02,All Events - Unique,Ukraine,483
2021-02,All Events - Unique,Venezuela,444
2021-02,All Events - Unique,Yemen,1054
2021-03,All Events - Unique,Afghanistan,431
2021-03,All Events - Unique,Congo,729
2021-03,All Events - Unique,Ethiopia,1353
2021-03,All Events - Unique,Myanmar,192
2021-03,All Events - Unique,South Sudan,274
2021-03,All Events - Unique,Sudan,678
2021-03,All Events - Unique,Syria,13
2021-03,All Events - Unique,Ukraine,674
2021-03,All Events - Unique,Venezuela,438
2021-03,All Events - Unique,Yemen,1009
2021-04,All Events - Unique,Afghanistan,476
2021-04,All Events - Unique,Congo,774
2021-04,All Events - Unique,Ethiopia,1581
2021-04,All Events - Unique,Myanmar,253
2021-04,All Events - Unique,South Sudan,281
2021-04,All Events - Unique,Sudan,516
2021-04,All Events - Unique,Syria,2
2021-04,All Events - Unique,Ukraine,2213
2021-04,All Events - Unique,Venezuela,644
2021-04,All Events - Unique,Yemen,706
2021-05,All Events - Unique,Afghanistan,527
2021-05,All Events - Unique,Congo,823
2021-05,All Events - Unique,Ethiopia,1349
2021-05,All Events - Unique,Myanmar,396
2021-05,All Events - Unique,South Sudan,273
2021-05,All Events - Unique,Sudan,566
2021-05,All Events - Unique,Syria,17
2021-05,All Events - Unique,Ukraine,498
2021-05,All Events - Unique,Venezuela,428
2021-05,All Events - Unique,Yemen,651
2021-06,All Events - Unique,Afghanistan,514
2021-06,All Events - Unique,Congo,719
2021-06,All Events - Unique,Ethiopia,1440
2021-06,All Events - Unique,Myanmar,438
2021-06,All Events - Unique,South Sudan,324
2021-06,All Events - Unique,Sudan,649
2021-06,All Events - Unique,Syria,17
2021-06,All Events - Unique,Ukraine,455
2021-06,All Events - Unique,Venezuela,497
2021-06,All Events - Unique,Yemen,931
2021-07,All Events - Unique,Afghanistan,505
2021-07,All Events - Unique,Congo,662
2021-07,All Events - Unique,Ethiopia,1348
2021-07,All Events - Unique,Myanmar,335
2021-07,All Events - Unique,South Sudan,261
2021-07,All Events - Unique,Sudan,661
2021-07,All Events - Unique,Syria,5
2021-07,All Events - Unique,Ukraine,589
2021-07,All Events - Unique,Venezuela,465
2021-07,All Events - Unique,Yemen,737
2021-08,All Events - Unique,Afghanistan,437
2021-08,All Events - Unique,Congo,802
2021-08,All Events - Unique,Ethiopia,1542
2021-08,All Events - Unique,Myanmar,359
2021-08,All Events - Unique,South Sudan,253
2021-08,All Events - Unique,Sudan,660
2021-08,All Events - Unique,Syria,15
2021-08,All Events - Unique,Ukraine,4277
2021-08,All Events - Unique,Venezuela,462
2021-08,All Events - Unique,Yemen,973
2021-09,All Events - Unique,Afghanistan,574
2021-09,All Events - Unique,Congo,665
2021-09,All Events - Unique,Ethiopia,1557
2021-09,All Events - Unique,Myanmar,477
2021-09,All Events - Unique,South Sudan,362
2021-09,All Events - Unique,Sudan,723
2021-09,All Events - Unique,Syria,24
2021-09,All Events - Unique,Ukraine,413
2021-09,All Events - Unique,Venezuela,394
2021-09,All Events - Unique,Yemen,943
2021-10,All Events - Unique,Afghanistan,690
2021-10,All Events - Unique,Congo,759
2021-10,All Events - Unique,Ethiopia,1612
2021-10,All Events - Unique,Myanmar,448
2021-10,All Events - Unique,South Sudan,612
2021-10,All Events - Unique,Sudan,705
2021-10,All Events - Unique,Syria,7
2021-10,All Events - Unique,Ukraine,474
2021-10,All Events - Unique,Venezuela,447
2021-10,All Events - Unique,Yemen,1003
2021-11,All Events - Unique,Afghanistan,744
2021-11,All Events - Unique,Congo,786
2021-11,All Events - Unique,Ethiopia,1360
2021-11,All Events - Unique,Myanmar,599
2021-11,All Events - Unique,South Sudan,481
2021-11,All Events - Unique,Sudan,496
2021-11,All Events - Unique,Syria,17
2021-11,All Events - Unique,Ukraine,558
2021-11,All Events - Unique,Venezuela,424
2021-11,All Events - Unique,Yemen,973
2021-12,All Events - Unique,Afghanistan,711
2021-12,All Events - Unique,Congo,767
2021-12,All Events - Unique,Ethiopia,1607
2021-12,All Events - Unique,Myanmar,559
2021-12,All Events - Unique,South Sudan,335
2021-12,All Events - Unique,Sudan,718
2021-12,All Events - Unique,Syria,5
2021-12,All Events - Unique,Ukraine,485
2021-12,All Events - Unique,Venezuela,335
2021-12,All Events - Unique,Yemen,925
2022-01,All Events - Unique,Afghanistan,799
2022-01,All Events - Unique,Congo,850
2022-01,All Events - Unique,Ethiopia,1494
2022-01,All Events - Unique,Myanmar,715
2022-01,All Events - Unique,South Sudan,329
2022-01,All Events - Unique,Sudan,607
2022-01,All Events - Unique,Syria,1
2022-01,All Events - Unique,Ukraine,496
2022-01,All Events - Unique,Venezuela,541
2022-01,All Events - Unique,Yemen,885
2022-02,All Events - Unique,Afghanistan,723
2022-02,All Events - Unique,Congo,849
2022-02,All Events - Unique,Ethiopia,1882
2022-02,All Events - Unique,Myanmar,613
2022-02,All Events - Unique,South Sudan,422
2022-02,All Events - Unique,Sudan,785
2022-02,All Events - Unique,Syria,8
2022-02,All Events - Unique,Ukraine,510
2022-02,All Events - Unique,Venezuela,460
2022-02,All Events - Unique,Yemen,1306
2022-03,All Events - Unique,Afghanistan,1041
2022-03,All Events - Unique,Congo,1107
2022-03,All Events - Unique,Ethiopia,2685
2022-03,All Events - Unique,Myanmar,596
2022-03,All Events - Unique,South Sudan,731
2022-03,All Events - Unique,Sudan,1009
2022-03,All Events - Unique,Syria,5
2022-03,All Events - Unique,Ukraine,1769
2022-03,All Events - Unique,Venezuela,806
2022-03,All Events - Unique,Yemen,1648
2022-04,All Events - Unique,Afghanistan,757
2022-04,All Events - Unique,Congo,1266
2022-04,All Events - Unique,Ethiopia,2730
2022-04,All Events - Unique,Myanmar,448
2022-04,All Events - Unique,South Sudan,622
2022-04,All Events - Unique,Sudan,730
2022-04,All Events - Unique,Syria,8
2022-04,All Events - Unique,Ukraine,2216
2022-04,All Events - Unique,Venezuela,727
2022-04,All Events - Unique,Yemen,1057
2022-05,All Events - Unique,Afghanistan,728
2022-05,All Events - Unique,Congo,1124
2022-05,All Events - Unique,Ethiopia,3127
2022-05,All Events - Unique,Myanmar,567
2022-05,All Events - Unique,South Sudan,501
2022-05,All Events - Unique,Sudan,760
2022-05,All Events - Unique,Syria,0
2022-05,All Events - Unique,Ukraine,2653
2022-05,All Events - Unique,Venezuela,907
2022-05,All Events - Unique,Yemen,1313
2022-06,All Events - Unique,Afghanistan,912
2022-06,All Events - Unique,Congo,1045
2022-06,All Events - Unique,Ethiopia,3071
2022-06,All Events - Unique,Myanmar,574
2022-06,All Events - Unique,South Sudan,612
2022-06,All Events - Unique,Sudan,682
2022-06,All Events - Unique,Syria,4
2022-06,All Events - Unique,Ukraine,2383
2022-06,All Events - Unique,Venezuela,838
2022-06,All Events - Unique,Yemen,1289
2022-07,All Events - Unique,Afghanistan,734
2022-07,All Events - Unique,Congo,1029
2022-07,All Events - Unique,Ethiopia,2989
2022-07,All Events - Unique,Myanmar,630
2022-07,All Events - Unique,South Sudan,501
2022-07,All Events - Unique,Sudan,569
2022-07,All Events - Unique,Syria,5
2022-07,All Events - Unique,Ukraine,2068
2022-07,All Events - Unique,Venezuela,771
2022-07,All Events - Unique,Yemen,1039
2022-08,All Events - Unique,Afghanistan,358
2022-08,All Events - Unique,Congo,557
2022-08,All Events - Unique,Ethiopia,1441
2022-08,All Events - Unique,Myanmar,441
2022-08,All Events - Unique,South Sudan,209
2022-08,All Events - Unique,Sudan,468
2022-08,All Events - Unique,Syria,7
2022-08,All Events - Unique,Ukraine,947
2022-08,All Events - Unique,Venezuela,484
2022-08,All Events - Unique,Yemen,636
